{
    "loss": 12.246390342712402,
    "accuracy": 0.5686274766921997
}